ID;SKU;Name;Published;Short description;description;In stock?;Stock;Categories
17;MH01;Chaz Kangeroo Hoodie;1;This is a variable product called a Chaz Kangeroo Hoodie;"Ideal for cold-weather training or work outdoors, the Chaz Hoodie promises superior warmth with every wear. Thick material blocks out the wind as ribbed cuffs and bottom band seal in body heat.
 Two-tone gray heather hoodie. Drawstring-adjustable hood.  Machine wash/dry.";1;52;Clothing>Men>Tops>Hoodies & Sweatshirts>Collections>Eco Friendly
33;MH02;Teton Pullover Hoodie;1;This is a variable product called a Teton Pullover Hoodie;"This Teton Pullover Hoodie gives you more than laid-back style. It's equipped with moisture-wicking fabric to keep light and dry inside, especially in chilly-weather workouts. An elasticized hem lets you move about freely.
 Black pullover hoodie. Soft, brushed interior.  Front hand pockets.  Machine wash/dry.";1;70;Clothing>Men>Tops>Hoodies & Sweatshirts
49;MH03;Bruno Compete Hoodie;1;This is a variable product called a Bruno Compete Hoodie;"Stay comfortable and stay in the race no matter what the weather's up to. The Bruno Compete Hoodie's water-repellent exterior shields you from the elements, while advanced fabric technology inside wicks moisture to keep you dry.
 Full zip black hoodie pullover.  Adjustable drawstring hood.  Ribbed cuffs/waistband.  Kangaroo pocket.  Machine wash/dry.";1;63;Clothing>Men>Tops>Hoodies & Sweatshirts>Collections>Eco Friendly
65;MH04;Frankie  Sweatshirt;1;This is a variable product called a Frankie  Sweatshirt;"The Frankie Sweatshirt is your best friend at long afternoon stadium stints or winter trailside campsites. The soft fleece fabric keeps you toasty as moisture-wicking technology kicks in when the sun comes out.
 Light green crewneck sweatshirt. Hand pockets. Relaxed fit. Machine wash/dry.";1;60;Clothing>Men>Tops>Hoodies & Sweatshirts>Collections>Eco Friendly
81;MH05;Hollister Backyard Sweatshirt;1;This is a variable product called a Hollister Backyard Sweatshirt;"Kick off your weekend in the Hollister Backyard Sweatshirt. Whether you're raking leaves or flipping burgers, this comfy layer blocks the bite of the crisp autumn air. Puffy thick from hood to hem, it traps heat against your core.
 Cream crewneck sweatshirt with navy sleeves/trim. Relaxed fit.  Ribbed cuffs and hem.  Machine wash/dry.";1;52;Clothing>Men>Tops>Hoodies & Sweatshirts
97;MH06;Stark Fundamental Hoodie;1;This is a variable product called a Stark Fundamental Hoodie;"You don't need bells and whistles when performance speaks for itself. The full-zip Stark Fundamental Hoodie give just what you need. Hood and fleece lining keep you warm, while breathable fabric and wicking technology won't let you overheat.
 Navy specked full zip hoodie. Ribbed cuffs, banded waist. Side pockets.  Machine wash/dry.";1;42;Clothing>Men>Tops>Hoodies & Sweatshirts
113;MH07;Hero Hoodie;1;This is a variable product called a Hero Hoodie;"Gray and black color blocking sets you apart as the Hero Hoodie keeps you warm on the bus, campus or cold mean streets. Slanted outsize front pockets keep your style real . . . convenient.
 Full-zip gray and black hoodie. Ribbed hem. Standard fit. Drawcord hood cinch. Water-resistant coating.";1;54;Clothing>Men>Tops>Hoodies & Sweatshirts
129;MH08;Oslo Trek Hoodie;1;This is a variable product called a Oslo Trek Hoodie;"Chilly weather is just an excuse to throw on your toasty, handsome new Oslo Trek Hoodie. It features an adjustable drawstring hood and a kangaroo pocket for extra hand warmth. The ultra-soft, cozy lining will have you wishing for more brisk days.
 Brown hoodie with black detail. Pullover.  Adjustable drawstring hood.  Ribbed cuffs/waistband.  Machine wash/dry.";1;42;Clothing>Men>Tops>Hoodies & Sweatshirts
145;MH09;Abominable Hoodie;1;This is a variable product called a Abominable Hoodie;"It took CoolTech weather apparel know-how and lots of wind-resistant fabric to get the Abominable Hoodie just right. It's aggressively warm when it needs to be, while maintaining your comfort in milder climes.
 Blue heather hoodie. Relaxed fit.  Moisture-wicking.  Machine wash/dry.";1;69;Clothing>Men>Tops>Hoodies & Sweatshirts
161;MH10;Mach Street Sweatshirt ;1;This is a variable product called a Mach Street Sweatshirt ;"From hard streets to asphalt track, the Mach Street Sweatshirt holds up to wear and wind and rain. An infusion of performance and stylish comfort, with moisture-wicking LumaTech fabric, it's bound to become an everyday part of your active lifestyle
 Navy heather crewneck sweatshirt. LumaTech moisture-wicking fabric. Antimicrobial, odor-resistant. Zip hand pockets. Chafe-resistant flatlock seams. Rib-knit cuffs and hem.";1;62;Clothing>Men>Tops>Hoodies & Sweatshirts
177;MH11;Grayson Crewneck Sweatshirt ;1;This is a variable product called a Grayson Crewneck Sweatshirt ;"The Grayson Crewneck Sweatshirt gives you that ageless, classic look  a style that comes back around nearly every season. What's more, its performance and temp-control values are always in vogue.
 Cream crewneck sweatshirt with black accents. 80% cotton/20% polyester fleece.  Patterned knit hood lining.  Knit cuffs and waist.  Pouch pocket.  Curl edged seam detail";1;64;Clothing>Men>Tops>Hoodies & Sweatshirts
193;MH12;Ajax Full-Zip Sweatshirt ;1;This is a variable product called a Ajax Full-Zip Sweatshirt ;"The Ajax Full-Zip Sweatshirt makes the optimal layering or outer piece for archers, golfers, hikers and virtually any other sportsmen. Not only does it have top-notch moisture-wicking abilities, but the tight-weave fabric also prevents pilling from repeated wash-and-wear cycles.
 Mint striped full zip hoodie. 100% bonded polyester fleece. Pouch pocket. Rib cuffs and hem.  Machine washable.";1;69;Clothing>Men>Tops>Hoodies & Sweatshirts
209;MH13;Marco Lightweight Active Hoodie;1;This is a variable product called a Marco Lightweight Active Hoodie;"For cold-weather training or post-game layering, you need something more than a basic fleece. Our Marco Lightweight Active Hoodie brings both style and performance to the plate, court, or touchline. The smooth-faced, brushed-back fabric blocks wind and traps body heat, while integrated Cocona fibers pull moisture away.
 Light blue heather full zip hoodie. Fitted flatlock seams. Matching lining and drawstring.  Machine wash/dry.";1;74;Clothing>Men>Tops>Hoodies & Sweatshirts
225;MJ01;Beaumont Summit Kit;1;This is a variable product called a Beaumont Summit Kit;"The smooth nylon shell around the Beaumont Summit Kit combats wind, reinforced with a cold-fighting brushed fleece layer. The jacket is reversible, giving you a new look for the return trek. Ample pocket space rounds out this hiker's paradise package.
 Yellow full zip rain jacket. Full-zip front.  Stand-up collar.  Elasticized cuffs.  Machine wash/dry.";1;42;Clothing>Men>Tops>Jackets
241;MJ02;Hyperion Elements Jacket;1;This is a variable product called a Hyperion Elements Jacket;"Boldly face high winds, frigid temps and stormy weather the whole winter through in the Hyperion Elements Jacket. LumaTech insulating technology helps maintain your core temperature and wick sweat. The smooth shell is water repellent and quilted to retain body heat.
 Lime 1/4 zip pullover. Split pocket.  Thumb holes.  Machine wash/hang to dry.";1;51;Clothing>Men>Tops>Jackets
257;MJ04;Kenobi Trail Jacket;1;This is a variable product called a Kenobi Trail Jacket;"Aside from sealed seams to keep moisture out and body heat in, the Kenobi Trail Vest is all about media convenience. Use your phone and music player without ever taking it out of its cozy compartment: an attached remote on the left chest lets you change songs, pause and raise/lower volume.
 Black 1/4 zip pullover with royal zipper.  Adjustable hood and sleeve cuffs.  Machine wash/air dry.";1;47;Clothing>Men>Tops>Jackets>Collections>Eco Friendly
273;MJ07;Orion Two-Tone Fitted Jacket;1;This is a variable product called a Orion Two-Tone Fitted Jacket;"While you're getting fit, you need a fitted jacket to match. Striking color blocking patterns on hood, shoulders and arms are hallmarks of the Orion Two-Tone Fitted Jacket. They provide eye-catching contrast against the rich, torso tones of this 100% polyester, moisture-wicking essential.
 Red full zip fleece with gray insets. Double-knit construction. Full athletic cut. Set in sleeves. Front pouch pocket.";1;72;Clothing>Men>Tops>Jackets
289;MJ08;Lando Gym Jacket;1;This is a variable product called a Lando Gym Jacket;"The Lando Gym Jacket offers strategic ventilation at perspiration-prone areas, while moisture-wicking technology helps you stay dry. Side-seam pockets house your favorite media device, so you're plugged in when working out.
 Gray polyester/spandex full zip jacket with orange lining.  Right pocket device storage. Cocona performance fabric.  Machine wash/dry.";1;99;Clothing>Men>Tops>Jackets
305;MJ09;Taurus Elements Shell;1;This is a variable product called a Taurus Elements Shell;"What's a little rain or snow when you're inside the Taurus Elements Shell? This specially engineered Cocona jacket lets you enjoy the great outdoors and brave the elements, thanks to the all-waterproof, breathable exterior.
 Yellow 1/4 zip pullover.  Two chest pockets. Standard fit.  Waterproof, breathable, seam sealed.  Cocona performance fabric.  Machine wash/dry.";1;65;Clothing>Men>Tops>Jackets
321;MJ10;Mars HeatTech Pullover;1;This is a variable product called a Mars HeatTech Pullover;"The Mars HeatTech Jacket defense against winter climes so you can play offense in the park, on the trail or in the deck chair. Great for the ski lodge or stadium, it features a wind- and water-resistant outer shell with a draw-cord hood and deep pockets for storage.
 Red 1/4 zip pullover. Adjustable VELCRO sleeve cuffs.  Two hand pockets.  Napoleon pocket.  Machine wash/dry";1;66;Clothing>Men>Tops>Jackets
337;MJ11;Typhon Performance Fleece-lined Jacket;1;This is a variable product called a Typhon Performance Fleece-lined Jacket;"Ironmen and couch warriors both reach for the Typhon Performance Fleece-lined Jacket. After all, no man can resist ultra-soft microfleece lining. Flatlock seams make it ideal for wearing over everything from tanks and tees to high-tech base layers.
 Black full-zip flight jacket. Cocona wicking fiber. Machine wash/dry.";1;60;Clothing>Men>Tops>Jackets
353;MJ06;Jupiter All-Weather Trainer ;1;This is a variable product called a Jupiter All-Weather Trainer ;"Inclement climate be damned. With your breathable, water-resistant Jupiter All-Weather Trainer, you can focus on fuel and form and leave protection and comfort to us. The fabric is a special light fleece that wicks moisture and insulates at once.
 Relaxed fit.  Hand pockets.  Machine wash/dry. Reflective safety trim.";1;57;Clothing>Men>Tops>Jackets>Collections>Eco Friendly
369;MJ03;Montana Wind Jacket;1;This is a variable product called a Montana Wind Jacket;"Light-as-a-feather wind protection for runners, walkers and outdoor fitness buffs, the Montana Wind Jacket can be stuffed into your pocket for portable protection. Its stylish, move-with-you design makes it especially versatile.
Adjustable hood. Split pocket. Thumb holes. Machine wash/hang to dry.";1;49;Clothing>Men>Tops>Jackets
385;MJ12;Proteus Fitness Jackshirt;1;This is a variable product called a Proteus Fitness Jackshirt;"Part jacket, part shirt, the Proteus Fitness Jackshirt makes an ideal companion for outdoor training, camping or loafing on crisp days. Natural Cocona technology brings breathable comfort and increased dryness along with UV protection and odor management. The drop-tail hem provides extra coverage when you're riding a bike or replacing a sink valve.
 1/4 zip. Stand-up collar.  Machine wash/dry. Quilted inner layer.";1;45;Clothing>Men>Tops>Jackets
401;MS04;Gobi HeatTec Tee;1;This is a variable product called a Gobi HeatTec Tee;"When the training gets intense, the Gobi HeatTec Tee works as hard as you do to maintain your cool. The moisture-wicking material promises drier comfort, while breathable side panels deliver extra stretch that's sure to keep you moving.
 Orange micropolyester shirt. HeatTec wicking fabric. Crew neckline.  Machine wash/dry.";1;29;Clothing>Men>Tops>Tees
417;MS05;Helios EverCool Tee;1;This is a variable product called a Helios EverCool Tee;"Pumping iron or dialing the track, you've got cool comfort on your side in our short-sleeve Helios EverCool Tee. The fabric is infused with moisture-wicking technology that pulls sweat off your skin for speedy evaporation. Stretchy fabric gussets encourage ventilation while increasing your range of motion.
 Teal quick dry tee. Relaxed fit.  Crew neckline.  Machine wash/dry.";1;24;Clothing>Men>Tops>Tees>Collections>Eco Friendly
433;MS09;Ryker LumaTech Tee (Crew-neck);1;This is a variable product called a Ryker LumaTech Tee (Crew-neck);"The crew-neck Ryker LumaTech Tee hides premium performance technology beneath unassuming looks. The featherweight blend of fabrics wicks away moisture to keep you cool and dry in every phase of your active life.
 Royal polyester tee with black accents. Relaxed fit.  Short-Sleeve.  Machine wash/dry.";1;32;Clothing>Men>Tops>Tees
449;MS11;Atomic Endurance Running Tee (V-neck);1;This is a variable product called a Atomic Endurance Running Tee (V-neck);"Reach your limit and keep on going in the Atomic Endurance Running Tee. Built to help any athlete push past the wall with loads of performance features.
 Lime heathered v-neck tee.  Ultra-lightweight. Moisture-wicking Cocona fabric. Machine wash/dry.";1;28;Clothing>Men>Tops>Tees
465;MS12;Atomic Endurance Running Tee (Crew-Neck);1;This is a variable product called a Atomic Endurance Running Tee (Crew-Neck);"Like it's v-neck counterpart, the crew-neck Atomic Tee will get you to your goal and beyond with its many load-bearing features: ultra-lightweight, moisture-wicking Cocona fabric, chafe-free flatlock seams and an ergonomic cut that moves with your body.
 Red polyester tee. Crew neckline.  Cocona performance fabric.  Machine wash/dry.";1;29;Clothing>Men>Tops>Tees
481;MS03;Balboa Persistence Tee;1;This is a variable product called a Balboa Persistence Tee;"The Balboa Persistence Tee is a must-have for any athlete, Philadelphia or elsewhere. We took the best of performance apparel, cut the fluff and boiled it down to the basics for a lightweight, quick-drying t-shirt.
 Crew neckline.  Semi-fitted.  Cocona performance fabric.  Machine wash/dry.";1;29;Clothing>Men>Tops>Tees
497;MS06;Zoltan Gym Tee;1;This is a variable product called a Zoltan Gym Tee;"This short-sleeve wonder works twice as hard to give you good gym days and good looks. The Zoltan Gym Tee helps you stay comfortable, while the looser sleeves and flatlock seams keep you moving in chafe-free comfort.
 Relaxed fit.  Crew neckline.  Machine wash/dry.";1;29;Clothing>Men>Tops>Tees
513;MS01;Aero Daily Fitness Tee;1;This is a variable product called a Aero Daily Fitness Tee;"Need an everyday action tee that helps keep you dry? The Aero Daily Fitness Tee is made of 100% polyester wicking knit that funnels moisture away from your skin. Don't be fooled by its classic style; this tee hides premium performance technology beneath its unassuming look.
Relaxed fit. Short-Sleeve. Machine wash/dry.";1;24;Clothing>Men>Tops>Tees
529;MS02;Ryker LumaTech Tee (V-neck);1;This is a variable product called a Ryker LumaTech Tee (V-neck);"Don't be fooled by its classic style; the Ryker LumaTech Tee embodies the future of performance apparel. Its featherweight blend of fabrics wicks away moisture to keep you cool and dry, whether racking up miles, hitting three pointers or strutting the boardwalk.
 Relaxed fit.  Short-Sleeve.  Machine wash/dry.";1;28;Clothing>Men>Tops>Tees
545;MS10;Logan  HeatTec Tee;1;This is a variable product called a Logan  HeatTec Tee;"Soft and lightweight, the Logan HeatTec Tee gets you through the long haul in total comfort. It boasts superior sweat-wicking performance to keep skin dry and cool, and strategic flat-lock seams to resist chafing.
 Semi-fitted.  Crew neckline.  Machine wash/tumble dry.";1;24;Clothing>Men>Tops>Tees
561;MS07;Deion Long-Sleeve EverCool Tee;1;This is a variable product called a Deion Long-Sleeve EverCool Tee;"When you're training, ordinary tees don't cut it. That's why the Dion Long-Sleeve EverCool Tee features revolutionary Cocona fabric derived from a renewable resource: coconut shells. This unique material protects you from harmful UV rays, wicks away sweat, controls stink and dries quickly.
 Fitted.  Contrast inner neck tape.  Machine wash/dry.";1;39;Clothing>Men>Tops>Tees
577;MS08;Strike Endurance Tee;1;This is a variable product called a Strike Endurance Tee;"While grit and purpose keep you going, it helps to have a little extra comfort, too. Our Strike Long-Sleeve Endurance Tee helps ensures a photo-ready finish with advanced sweat-wicking technology for a cool, dry feel.
 Loose fit.  Ribbed cuffs/collar.  Machine wash/dry.";1;39;Clothing>Men>Tops>Tees
593;MT01;Erikssen CoolTech Fitness Tank;1;This is a variable product called a Erikssen CoolTech Fitness Tank;"A good running tank helps make the miles pass by keep you cool. The Erikssen CoolTech Fitness Tank completes that mission, with performance fabric engineered to wick perspiration and promote airflow.
 Red performance tank. Slight scoop neckline.  Reflectivity.  Machine wash/dry.";1;29;Clothing>Men>Tops>Tanks
609;MT02;Tristan Endurance Tank;1;This is a variable product called a Tristan Endurance Tank;"Push yourself through punishing runs, plyometric workouts, intense competition and more in our athletic Tristan Endurance Tank. Constructed with built-in moisture-wicking technology, it's designed to keep you completely cool and dry on the long haul.
 White performance tank. Stylish contrast stitching.  Relaxed fit.  Ribbed crew neckline.  Machine wash/dry.";1;29;Clothing>Men>Tops>Tanks
625;MT03;Primo Endurance Tank;1;This is a variable product called a Primo Endurance Tank;"Chances are your workout goes beyond free weights, which is why the Primo Endurance Tank employs maximum versatility. Run, lift or play ball  this breathable mesh top will keep you cool during all your activities.
 Red heather tank with gray pocket. Chafe-resistant flatlock seams.  Relaxed fit.  Contrast topstitching. Machine wash/dry.";1;29;Clothing>Men>Tops>Tanks
631;MT04;Helios Endurance Tank;1;This is a variable product called a Helios Endurance Tank;"When training pushes your limits, you need gear that works harder than you. Our mesh Helio Training Tank is crafted from super-soft, ultra-lightweight fabric that stretches in all directions to follow your every move, on mat, court or street.
 Blue heather tank with gray pocket. Contrast sides and back inserts. Self-fabric binding at neck and armholes.  Machine wash/dry.";1;32;Clothing>Men>Tops>Tanks
637;MT05;Rocco Gym Tank;1;This is a variable product called a Rocco Gym Tank;"Weights? Heavy Bag? Bikram? However you get sweaty, you'll be prepared with the moisture-wicking all-purpose Rocco Gym Tank. The free-moving cut gives you maximum range of motion, with flatlock seams to eliminate chafing.
 Light blue heather gray tank. Quick-drying, moisture-wicking. 4-way stretch construction. Flatlock seams prevent chafing. Mesh at back for breathability. 100% Polyester. UPF 50 protection.";1;24;Clothing>Men>Tops>Tanks
643;MT06;Vulcan Weightlifting Tank;1;This is a variable product called a Vulcan Weightlifting Tank;"The Olympic styled Vulcan Weightlifting Tank features polyester stretch and flex. Hit the rack in sleeveless style and unleash your personal best. This tank is designed to max performance, comfort and range of motion.
 Black polyester spandex tank. 100% polyester. Freedom of movement. No-chafe seams.";1;28;Clothing>Men>Tops>Tanks
649;MT07;Argus All-Weather Tank;1;This is a variable product called a Argus All-Weather Tank;"The Argus All-Weather Tank is sure to become your favorite base layer or go-to cover for hot outdoor workouts. With its subtle reflective safely trim, you can even wear it jogging on urban evenings.
 Dark gray polyester spandex tank. Reflective details for nighttime visibility.  Stash pocket. Anti-chafe flatlock seams.";1;22;Clothing>Men>Tops>Tanks>Collections>Eco Friendly
655;MT08;Sparta Gym Tank;1;This is a variable product called a Sparta Gym Tank;"The high performance Sparta Gym Tank is made with thin, light, merino wool and aims to be the perfect base layer or balmy weather running and fitness top.
 Green polyester tank. Ultra lightweight. Naturally odor-resistant. Close-to-body athletic fit. Chafe-resistant flatlock seams.";1;29;Clothing>Men>Tops>Tanks
661;MT09;Sinbad Fitness Tank;1;This is a variable product called a Sinbad Fitness Tank;"Solid in color and construction, the 100% cotton-weave Sinbad Fitness Tank moves with you as you press, hold, crunch and stride your way to the ultimate you.
 Teal polyester tank. Premium fit tank top. Ultra lightweight. Naturally odor-resistant.";1;29;Clothing>Men>Tops>Tanks
667;MT10;Tiberius Gym Tank;1;This is a variable product called a Tiberius Gym Tank;"Whether you're classy or just sweaty, the Tiberius Gym Tank helps you look good while you're at it. What's more, its moisture-wicking, quick-drying, anti-microbial and anti-odor construction help ensure you're welcome back to the gym.
 Yellow scoop neck cotton tank. Comfortable, relaxed fit. 55% Hemp / 45% Organic Cotton. Pesticide- and herbicide-free hemp.";1;18;Clothing>Men>Tops>Tanks
673;MT11;Atlas Fitness Tank;1;This is a variable product called a Atlas Fitness Tank;"From weekend warrior to Warrior Pose II, no role can beat the Atlas Fitness Tank, a versatile top for gym and yoga studio. Wicking-weave soft fabric helps prevent uncomfortable chafing.
 Teal scoop neck cotton tank. Triblend, soft fabric. Relaxed fit.";1;18;Clothing>Men>Tops>Tanks>Collections>Eco Friendly
679;MT12;Cassius Sparring Tank;1;This is a variable product called a Cassius Sparring Tank;"Whether you're up against a partner or the clock, the Cassius Sparring Tank is in your corner, moving effortless with your body. The light and loose feel gives you no reason to give up before the bell or the end of the block.
 Royal crewneck cotton tank. Contrast stitching. Self fabric binding at neckline. Slim fit. 96% Merino / 4% LYCRA.";1;18;Clothing>Men>Tops>Tanks
692;MP01;Caesar Warm-Up Pant;1;This is a variable product called a Caesar Warm-Up Pant;"Command your workout and keep your muscles limber in the Caesar Warm-Up Pant. Engineered CoolTech fabric wicks away moisture so you don't have to worry about sweat and discomfort. The drawstring-adjustable waist helps make sure your pants fit properly.
 Light gray heather knit straight leg pants. Relaxed fit.  Inseam: 32"".  Machine wash/dry. CoolTech wicking fabric.";1;35;Clothing>Men>Bottoms>Pants>Promotions>Pants
705;MP02;Viktor LumaTech Pant;1;This is a variable product called a Viktor LumaTech Pant;"You'll love the new Viktor LumaTech Pant, with featherweight fleece fabric lining and stretchy, sweat-wicking material. It delivers toasty warmth on the sidelines or in cold-weather training, with reflective trim for a safe finish.
 Dark gray polyester/spandex straight leg pants. Elastic waistband and internal drawstring. Relaxed fit.  Machine wash/dry.";1;46;Clothing>Men>Bottoms>Pants>Promotions>Pants>Collections>Performance Fabrics
718;MP03;Geo Insulated Jogging Pant;1;This is a variable product called a Geo Insulated Jogging Pant;"In the cold, even the toughest guys shiver, unless they're in the Geo Insulated Jogging Pant. Lightweight and wind resistant, they block brutal wind gusts and warm you to the bone. Breathable mesh keeps them dry on the inside.
 Black polyester spandex pants with zipper pockets. Reflective safety accents.  Loose fit. On-seam pockets.  8"" leg zips. 32"" inseam.  Machine wash/dry.";1;51;Clothing>Men>Bottoms>Pants>Promotions>Pants>Collections>New Luma Yoga Collection
731;MP04;Supernova Sport Pant;1;This is a variable product called a Supernova Sport Pant;"Turn the corner and open it up -- your driveway is two blocks away. The Supernova Sport Pant gets you there with key features like moisture-wicking LumaTech fabric and mesh ventilation. Side seam pockets ensure total convenience during rest periods.
 Dark heather gray straight leg cotton pants. Relaxed fit.  Internal drawstring.  Machine wash/dry.";1;45;Clothing>Men>Bottoms>Pants>Promotions>Pants
744;MP05;Kratos Gym Pant;1;This is a variable product called a Kratos Gym Pant;"Like it's namesake god of strength, the Kratos Gym Pant help you bring your best to bear on weight-based, plyometric and endurance exercise. They stretch and support in all the right places while ultra-light construction and moisture-wicking technology provide comfort.
 Navy cotton straight leg pants. Relaxed fit.  2 side-seam pockets.  Internal zip pocket.  Drawstring waist.  Machine wash/dry.";1;57;Clothing>Men>Bottoms>Pants>Promotions>Pants>Collections>New Luma Yoga Collection
757;MP06;Mithra Warmup Pant;1;This is a variable product called a Mithra Warmup Pant;"When you're not sure you're up to the weather, don the Mithra Warmup Pant for a confidence boost. Its supersoft, stretchy fabric and fleece-like finish help prep your muscles and ease your mind. Designed for relaxed, easy-wear fit with handy ankle zips.
 Ankle zips. Elasticized waistband with draw cord. Dual hand pockets. Reflective elements for low-light safety.";1;28;Clothing>Men>Bottoms>Pants>Promotions>Pants>Collections>Eco Friendly
770;MP07;Thorpe Track Pant;1;This is a variable product called a Thorpe Track Pant;"Thirty degree temps are chilly for most, except when you're in Thorpe Track Pants. These top-of-the-line track bottoms are made from fast-drying, weather-resistant fabric with an internal breathable layer of mesh nylon to wick away moisture.
 Moisture transfer properties.  7% stretch. Reflective safety trim. Elastic drawcord waist.";1;68;Clothing>Men>Bottoms>Pants>Promotions>Pants>Collections>New Luma Yoga Collection
783;MP08;Zeppelin Yoga Pant;1;This is a variable product called a Zeppelin Yoga Pant;"Climb every mountain, or hold every pose, in the all-purpose Zepellin Yoga Pant. With its thin fleece interior and smooth layer-friendly surface, you'll get all the comfort and versatility you need.
 Smooth exterior for easy over-layering. Brushed fleece interior insulates and wicks.  No-roll elastic waistband with inner drawstring. Chafe-resistant flatlock seams.";1;82;Clothing>Men>Bottoms>Pants>Promotions>Pants>Collections>New Luma Yoga Collection
796;MP09;Livingston All-Purpose Tight;1;This is a variable product called a Livingston All-Purpose Tight;"It's not often that your pants work as a yoga staple and a climbing buddy. The Livingston All-Purpose Tight is made with soft, 11% cotton and nylon polymer stretch construction that lets you find the right angle in the studio or on the mountain side.
 Breathable stretch organic cotton/spandex. Compression fit Hidden key pocket Elastic waist with internal drawcord.";1;75;Clothing>Men>Bottoms>Pants>Promotions>Pants>Collections>New Luma Yoga Collection>Collections>Erin Recommends
809;MP10;Orestes Yoga Pant ;1;This is a variable product called a Orestes Yoga Pant ;"The Orestes Yoga Pant is a yoga basic that sustains the novice yogi well into the expert stage. Organic sustainable cotton and 9% stretch spandex let your body bend to your will while your conscience stays clear.
 A yoga essential. Breathable stretch organic cotton/spandex. Standard Fit.";1;66;Clothing>Men>Bottoms>Pants>Promotions>Pants>Collections>Erin Recommends
822;MP11;Aether Gym Pant ;1;This is a variable product called a Aether Gym Pant ;"The Aether Gym Pant is built for the studio, but adapts perfectly well to outdoor and gym environs too. With lightweight stretch fabric and water-repellent exterior, the Aether is ready for all comers.
 Pants/shorts convertible. Lightweight moisture wicking.  Water repellent. Belted waist.";1;74;Clothing>Men>Bottoms>Pants>Promotions>Pants>Collections>Erin Recommends
835;MP12;Cronus Yoga Pant ;1;This is a variable product called a Cronus Yoga Pant ;"Guys who love yoga love this all-purpose yoga pant. Designed for yoga, gym and lounge, the Cronus Yoga Pant is a loose-fitting, classic-style pant made from a lightweight blend of cotton, recycled polyester and a touch of Spandex for the stretch factor.
 Drawstring waist. Loose, straight-leg fit. Lightweight cotton-recycled blend. Front pockets with stitching detail. Elastic ankle.";1;48;Clothing>Men>Bottoms>Pants>Promotions>Pants
848;MSH01;Cobalt CoolTech Fitness Short;1;This is a variable product called a Cobalt CoolTech Fitness Short;"It's not rocket surgery: the hotter your conditions, the more you need to stay cool. That's why the Cobalt CoolTech Fitness Short features built-in technology and side perforations that keep you ventilated and comfortable for the distance. The elastic waist promises a personalized fit.
 Light blue nylon shorts. Relaxed fit.  5"" inseam.  Machine wash/dry.";1;44;Clothing>Men>Bottoms>Shorts>Collections>Erin Recommends
853;MSH02;Apollo Running Short;1;This is a variable product called a Apollo Running Short;"Fleet of foot or slow and steady, you'll be in complete comfort with the Apollo Running Short. Lightweight polyester material lets you move with ease, and mesh side panels promise plenty of ventilation as you work up a sweat. The stretchy elastic waistband delivers a flexible fit.
 Black shorts with green accents. Side pockets.  4"" inseam.  Machine wash/dry.";1;32;Clothing>Men>Bottoms>Shorts
866;MSH03;Meteor Workout Short;1;This is a variable product called a Meteor Workout Short;"Step into the Meteor Workout Short for an incredibly lightweight fitness experience. Its breathable construction and an inner brief provide additional comfort and support, while the adjustable waistband offers the perfect fit to take you to the finish.
 Royal blue shorts with light blue accents. Interior drawstring waistband.  7"" inseam.  Machine wash/dry.";1;32;Clothing>Men>Bottoms>Shorts>Collections>Performance Fabrics
879;MSH04;Torque Power Short;1;This is a variable product called a Torque Power Short;"Take a turn in the Torque Power Short and enjoy the smooth, motion-friendly stretch and sweat-wicking, UV-protective material. You'll stay cool, dry and energized miles later.
 Light gray shorts. Fitted design.  Elastic waistband.  Flat-seam construction.  7"" inseam.  Machine wash/dry.";1;32;Clothing>Men>Bottoms>Shorts
892;MSH05;Hawkeye Yoga Short;1;This is a variable product called a Hawkeye Yoga Short;"What more do you need than a sporty yoga short made with organic cotton and a little spandex for mobility? The Hawkeye Yoga Short brings a stylish, standard fit you can sport with confidence outside the studio.
 Dark gray shorts with red accents. 92% Organic Cotton 8% Spandex. Breathable stretch organic cotton. Medium=8.0"" (21.0cm) inseam.";1;29;Clothing>Men>Bottoms>Shorts>Collections>Performance Fabrics
905;MSH06;Lono Yoga Short;1;This is a variable product called a Lono Yoga Short;"Some shorts are all-purpose, while the Lono Yoga Short has a single purpose: yoga. Soft, flexible outer material moves with your body, and a secure, integrated boxer brief liner gives you extra confidence as you push your physique to the outer limits.
 Dark gray shorts with mesh accents. Ultra flexible four-way stretch. Flatlock seams and waistband. Two pockets, phony fly. Nylon/Lycra outer, Polyester/Lycra inner.";1;32;Clothing>Men>Bottoms>Shorts>Collections>New Luma Yoga Collection
918;MSH07;Rapha  Sports Short;1;This is a variable product called a Rapha  Sports Short;"For those about to sweat, we support you with the Rapha Sports Short. The compression-fit liner surrounds your muscles with the stimulation they need to find your high gear, while moisture-wicking performance fabric helps prevents sweat build-up.
 Black shorts with royal accents. Compression liner.  Inseam: 8"".  Machine wash/dry.";1;35;Clothing>Men>Bottoms>Shorts>Promotions>Men Sale>Collections>Erin Recommends
931;MSH08;Orestes Fitness Short;1;This is a variable product called a Orestes Fitness Short;"You're out of excuses not to run, lift, or play when you own a pair of the Orestes Fitness Short. You won't complain about the high-performance polyester wicking fabric, reflective safety trim or seamless built-in comfort brief, either.
 Black shorts with dark gray accents. Elasticized waistband with interior drawstring. Ventilating mesh detailing. 100% polyester and recycled polyester. Machine wash cold, tumble dry low.";1;35;Clothing>Men>Bottoms>Shorts>Promotions>Men Sale
944;MSH09;Troy Yoga Short;1;This is a variable product called a Troy Yoga Short;"The versatile, all-purpose Troy Yoga Short is knee-lengthed with an elastic waistband with drawstring, making it comfortably flexible. The removable LumaTech wicking liner is also bacteria resistant.
 Navy polyester pinstripe shorts. Woven fabric with moderate stretch. 62% cotton/34% nylon/4% spandex. LumaTech lining.";1;24;Clothing>Men>Bottoms>Shorts>Collections>Performance Fabrics
957;MSH10;Sol Active Short;1;This is a variable product called a Sol Active Short;"You'll let your fear go and push your limits in your new Sol Active Short. Featuring ultra-breathable performance fabric and a flat comfort-fit waistband, the Sol Active Short is perfect for high-intensity circuits or high-heat bikram.
 Light blue jersey shorts with mesh detail. 87% Spandex 13% Lycra. Machine wash cold, tumble dry low. Superior performance fabric. Flat-lock seams.";1;32;Clothing>Men>Bottoms>Shorts>Collections>New Luma Yoga Collection
970;MSH11;Arcadio Gym Short;1;This is a variable product called a Arcadio Gym Short;"The Arcadio Gym short is a basic-looking piece with a lot more than meets the eye: casual-yet-functional relaxed fit, comfortable waistband and adjustable drawstring. Everything you need, plus more.
 Royal blue cotton shorts. Built-in mesh brief.  87% Spandex 13% Lycra. Adjustable drawstring.";1;20;Clothing>Men>Bottoms>Shorts
983;MSH12;Pierce Gym Short;1;This is a variable product called a Pierce Gym Short;"The Pierce Gym Short is similar to our Arcadio Gym Short, but designed with a fitted, tapered look. A flat waistband with an adjustable drawstring adds comfort, with zippered pockets for safe, easy storage.
 Dark red cotton shorts.  87% Supplex, 13% Lycra. Adjustable drawstring waistband. Built-in mesh brief. Machine wash cold, tumble dry low.";1;27;Clothing>Men>Bottoms>Shorts>Promotions>Men Sale
999;WH01;Mona Pullover Hoodlie;1;This is a variable product called a Mona Pullover Hoodlie;Whether you're after energizing activity or eye-catching apparel, the Mona Pullover is what you want. You'll stay warm and look fashionable, wherever you are.   Light green heathered hoodie.   Long-Sleeve, pullover.  Long elliptical hem for extra coverage.  Deep button placket for layering.  Double rib design.  Mid layer, mid weight.  98% Merino Wool / 2% Spandex;1;57;Clothing>Women>Tops>Hoodies & Sweatshirts>Collections>New Luma Yoga Collection>Collections>Erin Recommends
1015;WH02;Hera Pullover Hoodie;1;This is a variable product called a Hera Pullover Hoodie;"Get ready to rule the studio and dominate the yoga mat in the Hera Pullover Hoodie, a cozy yet classy look for any level of yogi.
 Teal with purple stiching. Hoodie pullover. Snug fit.";1;48;Clothing>Women>Tops>Hoodies & Sweatshirts>Promotions>Women Sale
1031;WH03;Autumn Pullie;1;This is a variable product called a Autumn Pullie;"With ultra-soft fleece fabric and an athletic design, our short-sleeve Autumn Pullie delivers a comfortable fit that makes it an everyday essential. A luxurious roll neck protects you from elements.
 Cayenne Short-Sleeve roll neck sweatshirt.  Relaxed fit.  Short-Sleeves.  Machine wash/dry.";1;57;Clothing>Women>Tops>Hoodies & Sweatshirts
1047;WH04;Miko Pullover Hoodie;1;This is a variable product called a Miko Pullover Hoodie;"After quality gym time, put on the Miko Pullover Hoody and keep your body warm. You'll find it's fashionable enough for the streets, but comfy enough to relax in at home.
 Teal two-tone hoodie. Low scoop neckline. Adjustable hood drawstrings. Longer rounded hemline for extra back coverage. Long-Sleeve style.";1;69;Clothing>Women>Tops>Hoodies & Sweatshirts
1063;WH05;Selene Yoga Hoodie;1;This is a variable product called a Selene Yoga Hoodie;"The Selene Yoga Hoodie gets you to and from the studio in semi form-fitted comfort. Snug, sleek contours add fashion to function in this free-moving yoga warm up sweatshirt.
 Ivory heather full zip 3/4 sleeve hoodie. Zip pocket at arm for convenient storage. 24.0"" body length. 89% Polyester / 11% Spandex.";1;42;Clothing>Women>Tops>Hoodies & Sweatshirts
1069;WH06;Daphne Full-Zip Hoodie;1;This is a variable product called a Daphne Full-Zip Hoodie;"The Daphne Hoodie is an attractive yet rugged layering or outer piece, especially for chilly days en route the studio, doing yardwork or enjoying outdoor recreation.
 Purple full zip hoodie with pink accents.  Heather texture. 4-way stretch. Pre-shrunk. Hood lined in vegan Sherpa for added warmth. Ribbed hem on hood and front pouch pocket. 60% Cotton / 40% Polyester.";1;59;Clothing>Women>Tops>Hoodies & Sweatshirts
1085;WH07;Phoebe Zipper Sweatshirt;1;This is a variable product called a Phoebe Zipper Sweatshirt;"A sophisticated layer of warmth awaits you in our full-zip sweatshirt jacket. You'll reach for this one in any season to enjoy its sturdy exterior and plush interior.
 Gray full zip hoodie with yellow detail. Hand-warmer pockets.  Zip MP3 pocket with outlet for earphones wire.  Polyester/cotton.  Washable.";1;59;Clothing>Women>Tops>Hoodies & Sweatshirts>Collections>New Luma Yoga Collection>Collections>Erin Recommends
1101;WH08;Cassia Funnel Sweatshirt;1;This is a variable product called a Cassia Funnel Sweatshirt;"The casual Cassia Funnel Sweatshirt sports front angled pockets and a drawstring stretch funnel hoodie. A cowl front neck pairs with a tagless label at back neck.
 White full zip hoodie with gray detail. 65% Cotton/28% Nylon/7% Spandex. Front slash pockets. Tagless label at back neck.";1;48;Clothing>Women>Tops>Hoodies & Sweatshirts>Promotions>Women Sale>Collections>Performance Fabrics
1117;WH09;Ariel Roll Sleeve Sweatshirt;1;This is a variable product called a Ariel Roll Sleeve Sweatshirt;"Soft, sleek and subtle, the Ariel Roll Sleeve Sweatshirt is a nuanced fitness garment for all occasions. It works equally well as a workout piece or in a casual social setting.
 Purple two-tone lightweight hoodie.  100% cotton. Adjustable roll sleeves for Long-Sleeve or 3/4 sleeve. Casual, comfy piece for running errands or weekend activities.";1;39;Clothing>Women>Tops>Hoodies & Sweatshirts>Collections>Eco Friendly
1133;WH10;Helena Hooded Fleece;1;This is a variable product called a Helena Hooded Fleece;"Wear this hoodie after the gym or before a chilly weather bike ride. Either way, this versatile sweatshirt offers an effortlessly appealing silhouette and a super-comfy fit. Smooth, stretchy fabric creates flattering shape, while the full-zip placket and hood help block gusty winds.
Full zip. Banded cuffs and waist. Front pockets. Machine wash/dry.";1;55;Clothing>Women>Tops>Hoodies & Sweatshirts>Collections>New Luma Yoga Collection
1149;WH11;Eos V-Neck Hoodie;1;This is a variable product called a Eos V-Neck Hoodie;"Getting chilly before class starts? Wear the Eos on your way to and from yoga for a cute and cozy warmup piece. Reach for its reliable comfort and enjoy a super-soft blend of fabrics finished in sporty style that includes a hidden kangaroo pocket.
Semi-fitted. Long-Sleeve. Machine wash/line dry.";1;54;Clothing>Women>Tops>Hoodies & Sweatshirts>Collections>Erin Recommends
1165;WH12;Circe Hooded Ice Fleece;1;This is a variable product called a Circe Hooded Ice Fleece;"Keep shivers at bay with the Circe Hooded Ice Fleece. Ultra-thick, high-pile fleece traps your body heat and keeps cold outside. The drawstring hood and ribbed details add extra coziness and touches of classic style. Its relaxed fit is loose enough to layer comfortably over your shirt.
Full-zip front. Three-panel hood. Flatlock seams throughout. Welt hand pockets. Machine wash/dry.";1;68;Clothing>Women>Tops>Hoodies & Sweatshirts>Collections>Performance Fabrics
1175;WJ01;Stellar Solar Jacket;1;This is a variable product called a Stellar Solar Jacket;"Beat the heat and protect yourself from sunrays with the Stellar Solar Jacket. It's loaded with all the engineered features you need for an intense, safe outdoor workout: 100% UV protection, a breathable perforated construction, and advanced moisture-wicking technology.
 Loose fit.  Reflectivity.  Flat seams.  Machine wash/dry. Deep pink jacket with front panel rouching";1;75;Clothing>Women>Tops>Jackets>Collections>New Luma Yoga Collection>Collections>Erin Recommends
1191;WJ02;Josie Yoga Jacket;1;This is a variable product called a Josie Yoga Jacket;"When your near future includes yoga, the cozy comfort of the Josie Yoga Jacket gets your mind and body ready. Stretchy CoolTech fabric with zipper pockets makes this jacket the right gear for studio time or teatime after.
 Slate rouched neck pullover. Moisture-wicking fabric. Hidden zipper. Mesh armpit venting. Dropped rear hem.";1;56;Clothing>Women>Tops>Jackets>Promotions>Women Sale
1207;WJ03;Augusta Pullover Jacket;1;This is a variable product called a Augusta Pullover Jacket;"It's hard to be uncomfortable in the Augusta Pullover Jacket with  zip. With an incredibly soft fleece lining and textured outer fabric, it offers reliable protection from the elements and a cozy fit as well.
 Pink half-zip pullover.  Front pouch pockets.  Fold-down collar.";1;57;Clothing>Women>Tops>Jackets
1223;WJ04;Ingrid Running Jacket;1;This is a variable product called a Ingrid Running Jacket;The Ingrid Running Jacket combines sleek design and high performance with slim, contoured fit and moisture-wicking fabric. It features a full-zip construction and a collared neck to keep the elements out and body heat in.  Slim fit.  Moisture-wicking fabric.  Two side pockets.  Zippered pocket at back waist.  Machine wash/dry. Ivory specked full zip;1;84;Clothing>Women>Tops>Jackets>Collections>New Luma Yoga Collection>Collections>Performance Fabrics
1239;WJ05;Riona Full Zip Jacket;1;This is a variable product called a Riona Full Zip Jacket;"The Riona Basic Zip Jacket makes the perfect extra layer for cold-weather workouts. It features amazing breathability and moisture management, but full-length zipper lets you moderate your core temperature even more.
 Brown heather full zip rouched jacket. Side hand pockets for extra storage. High collar. Thick cuffs for extra coverage. Durable, shape retention material to longer wear.";1;60;Clothing>Women>Tops>Jackets
1255;WJ07;Inez Full Zip Jacket;1;This is a variable product called a Inez Full Zip Jacket;"The Inez Full Zip jacket is more than a cute layer. It's a full-on tech wonder you'll use for outdoor, pre and post workout. You'll love how the highlighted zipper and sleeve safety trim protect and catch looks.
 Purple heather inset full zip jacket. Full zip hoodie. Contrast binding along the zipper, hood and sleeves. Inseam pockets for storage. Thumbholes for comfortable fit.";1;59;Clothing>Women>Tops>Jackets
1271;WJ08;Adrienne Trek Jacket;1;This is a variable product called a Adrienne Trek Jacket;"You're ready for a cross-country jog or a coffee on the patio in the Adrienne Trek Jacket. Its style is unique with stand collar and drawstrings, and it fits like a jacket should.
 gray 1/4 zip pullover. Comfortable, relaxed fit. Front zip for venting. Spacious, kangaroo pockets. 27"" body length. 95% Organic Cotton / 5% Spandex.";1;57;Clothing>Women>Tops>Jackets>Promotions>Women Sale>Collections>Erin Recommends
1287;WJ09;Jade Yoga Jacket;1;This is a variable product called a Jade Yoga Jacket;"If only all your other jackets were as comfortable as the relaxed-fit Jade Yoga Jacket, perfect for use during stretching, biking to and from studio or strolling on breezy fall days.
 Seafoam 1/4 zip pullover with purple stitching. Lightweight, quick-drying, water-resistant construction. Shirred details at front and back for a feminine look. Hood collapses into collar. Mesh liner for breathability. Front zip pockets. Hem cinches at sideseam. 100% Polyester.";1;32;Clothing>Women>Tops>Jackets>Collections>Erin Recommends
1303;WJ10;Nadia Elements Shell;1;This is a variable product called a Nadia Elements Shell;"Protect yourself from wind and rain in the stylish Nadia Elements Shell. It repels water using hydro-resistant fabric, with fleece lining that adds a touch of warmth. It's finished with bold contrast zippers, adjustable cuffs and a hood.
 Zippered front.  Zippered side pockets.  Drawstring-adjustable waist and hood.  Machine wash/line dry. Light blue 1/4 zip pullover.";1;69;Clothing>Women>Tops>Jackets>Collections>New Luma Yoga Collection>Collections>Performance Fabrics
1319;WJ11;Neve Studio Dance Jacket;1;This is a variable product called a Neve Studio Dance Jacket;"If you're constantly on the move, the Neve Studio Dance Jacket is for you. It's not just for dance, either, with a tight fit that works as a mid-layer. The reversible design makes it even more versatile.
 Bright blue 1/4 zip pullover. CoolTech liner is sweat-wicking. Sleeve thumbholes. Zipper garage to protect your chin. Stretchy collar drawcords.";1;69;Clothing>Women>Tops>Jackets>Collections>New Luma Yoga Collection
1335;WJ06;Juno Jacket;1;This is a variable product called a Juno Jacket;"On colder-than-comfortable mornings, you'll love warming up in the Juno All-Ways Performanc Jacket, designed to compete with wind and chill. Built-in Cocona technology aids evaporation, while a special zip placket and stand-up collar keep your neck protected.
 Adjustable hood. Fleece-lined, zippered hand pockets. Thumbhole cuffs. Full zip. Mock-neck collar. Machine wash/dry.";1;77;Clothing>Women>Tops>Jackets>Promotions>Women Sale>Collections>Performance Fabrics
1351;WJ12;Olivia 1/4 Zip Light Jacket;1;This is a variable product called a Olivia 1/4 Zip Light Jacket;"Running errands or headed to the gym, you just want to be comfortable. The Olivia Light Jacket promises that, plus a laid-back look. This zip-up is designed with shoulder stripes for an athletic touch, and banded waist and contoured seams for a flattering silhouette.
 Loose fit. Reflectivity. Flat seams. Machine wash/dry.";1;77;Clothing>Women>Tops>Jackets>Promotions>Women Sale>Collections>Performance Fabrics
1367;WS02;Gabrielle Micro Sleeve Top;1;This is a variable product called a Gabrielle Micro Sleeve Top;"Luma's most popular top, the Gabrielle Micro Sleeve is back with even more comfort and style.
 Lime green v-neck tee. Slimming, flattering fit. Moisture-wicking, quick-drying, anti-microbial, and anti-odor construction. Longer curved hem provides additional coverage. 55% Hemp / 45% Organic Cotton.";1;28;Clothing>Women>Tops>Tees>Promotions>Tees>Collections>New Luma Yoga Collection
1383;WS03;Iris Workout Top;1;This is a variable product called a Iris Workout Top;"The Iris Workout Top is sleeveless, body fitting and moisture wicking for a fashionable, functional garment. Rouched textures add style.
 Pink heather rouched v-neck. Scoop neckline. Angled flat seams. Moisture wicking. Body skimming. 83% Polyester / 11% TENCEL Lyocell / 6% Lycra Spandex.";1;29;Clothing>Women>Tops>Tees>Promotions>Tees>Collections>Performance Fabrics
1399;WS04;Layla Tee;1;This is a variable product called a Layla Tee;"Work out or hang out in chic style in the Layla Tee. With a lightweight sheer design and a roomy neckline, this tee fits you comfortably while looking stylish.
 Teal tee. Long back hem. Dropped shoulders.";1;29;Clothing>Women>Tops>Tees>Promotions>Tees>Collections>New Luma Yoga Collection>Collections>Eco Friendly
1415;WS06;Elisa EverCool Tee;1;This is a variable product called a Elisa EverCool Tee;"When rising temps threaten to melt you down, Elisa EverCool Tee brings serious relief. Moisture-wicking fabric pulls sweat away from your skin, while the innovative seams hug your muscles to enhance your range of motion.
 Purple heather v-neck tee. Short-Sleeves. Luma EverCool fabric.  Machine wash/line dry.";1;29;Clothing>Women>Tops>Tees>Promotions>Tees>Collections>New Luma Yoga Collection>Collections>Eco Friendly
1431;WS07;Juliana Short-Sleeve Tee;1;This is a variable product called a Juliana Short-Sleeve Tee;"The Juliana Short-Sleeve Tee gives you more than sporty style. Consider that its soft Cocona polyester fabric accelerates evaporation to help keep you dry and comfortable, too. And a selection of colors lets you get more than one.
 Black scoop neck tee. Side rouching. Relaxed fit.";1;42;Clothing>Women>Tops>Tees>Promotions>Tees>Collections>New Luma Yoga Collection>Collections>Erin Recommends
1447;WS08;Minerva LumaTech V-Tee;1;This is a variable product called a Minerva LumaTech V-Tee;"Don't be fooled by the simple design of our Minerva LumaTech V-Neck Tee. This classic training top features the same serious sweat-wicking technology as some of the more expensive tees in our lineup.
 Navy blue heather soft v-neck tee. Flatlock seams for chafe-free comfort. Relaxed cut. Ultra-lightweight fabric. Machine wash/dry.";1;32;Clothing>Women>Tops>Tees>Promotions>Tees>Promotions>Women Sale
1463;WS09;Tiffany Fitness Tee;1;This is a variable product called a Tiffany Fitness Tee;"You'll work out and look cute doing it in the short-sleeve Tiffany Fitness Tee. The longer length and fitted cut offer a smoother silhouette, while scoop neck pattern and drape effects lend a trendy touch.
 Teal soft scoop neck tee. Contrast stitching pattern.  Machine wash/dry.";1;28;Clothing>Women>Tops>Tees>Promotions>Tees>Promotions>Women Sale>Collections>Eco Friendly
1479;WS10;Karissa V-Neck Tee;1;This is a variable product called a Karissa V-Neck Tee;"The Karissa V-Neck Tee features a semi-fitted shape that's flattering for every figure. You can hit the gym with confidence while it hugs curves and hides common ""problem"" areas.
 Pink heather soft v-neck tee.  Luma signature micro sleeves. Semi-fitted.  Machine wash/dry.";1;32;Clothing>Women>Tops>Tees>Promotions>Tees>Collections>Performance Fabrics
1495;WS11;Diva Gym Tee;1;This is a variable product called a Diva Gym Tee;"The Diva Gym Tee feels like your favorite right out of the mailbox. Micro-sleeved, lightweight and extra comfortable, it's a casual staple that hides incredible comfort behind a laid-back, carefree look.
 Bright yellow v-neck tee. Moisture-wicking fabric.  Long-Sleeves.  Machine wash/line dry.";1;32;Clothing>Women>Tops>Tees>Promotions>Tees>Promotions>Women Sale>Collections>Erin Recommends
1511;WS12;Radiant Tee;1;This is a variable product called a Radiant Tee;"So light and comfy, you'll love the Radiant Tee's organic fabric, feel, performance and style. You may never want to stop moving in this shirt.
 Salmon soft scoop neck tee. Athletic, semi-form fit. Flat seams prevent chafing. 67% Organic Cotton / 28% Hemp / 5% Spandex.";1;22;Clothing>Women>Tops>Tees>Promotions>Tees>Collections>Performance Fabrics
1527;WS01;Gwyn Endurance Tee;1;This is a variable product called a Gwyn Endurance Tee;"When the miles add up, comfort is crucial. The short-sleeve Gwyn Endurance Tee is designed with an ultra-lightweight blend of breathable fabrics to help you tackle your training. Female-specific seams and a sporty v-neckline offer subtle style.
 Short-Sleeves. Machine wash/line dry.";1;24;Clothing>Women>Tops>Tees>Promotions>Tees
1543;WS05;Desiree Fitness Tee;1;This is a variable product called a Desiree Fitness Tee;"When you're too far to turn back, thank yourself for choosing the Desiree Fitness Tee. Its ultra-lightweight, ultra-breathable fabric wicks sweat away from your body and helps keeps you cool for the distance.
 Short-Sleeves. Performance fabric. Machine wash/line dry.";1;24;Clothing>Women>Tops>Tees>Promotions>Tees
1559;WB01;Electra Bra Top;1;This is a variable product called a Electra Bra Top;"A heavenly soft and stylish eco garment, the Electra Bra Top is perfect for wearing on its own as a hot yoga top or layered under a tank.
 Gray rouched bra top. Attractive back straps feature contrasting motif fabric. Interior bra top is lined with breathable mesh. Elastic underband for superior support. Removable cup inserts. Chafe-free flat lock seams provide added comfort.";1;39;Clothing>Women>Tops>Bras & Tanks>Promotions>Women Sale>Collections>Eco Friendly
1575;WB02;Erica Evercool Sports Bra;1;This is a variable product called a Erica Evercool Sports Bra;"Perfect for medium-impact workouts, our Erica EverCool Sports Bra brings a brilliant combo of comfort and style. Moisture-wicking technology keeps you dry, and the flattering hybrid racerback promises an unbeatable range of motion.
 Honeycomb light blue bra top. Elastic hem. Reinforced binding.  Machine wash/dry.";1;39;Clothing>Women>Tops>Bras & Tanks
1591;WB03;Celeste Sports Bra;1;This is a variable product called a Celeste Sports Bra;"Whatever your goals for the day's workout, the Celeste Sports Bra lets you do it in comfort and coolness, plus enhanced support and shaping. A power mesh back zone and moisture-wicking fabric ensure you stay dry.
 Mint bra top.  Seam-free interior molded cups Odor control.  UV protection.  Machine wash/dry.";1;39;Clothing>Women>Tops>Bras & Tanks>Collections>New Luma Yoga Collection>Collections>Performance Fabrics
1607;WB04;Prima Compete Bra Top;1;This is a variable product called a Prima Compete Bra Top;Pull on the Prima Compete Bra Top and you'll love the fabric: soft, stretchy, and ultra lightweight. But you'll also love the racerback cut, for freer movement through all your athletic feats. ` Colorblocked details. Machine wash/line dry.;1;24;Clothing>Women>Tops>Bras & Tanks
1623;WB05;Lucia Cross-Fit Bra ;1;This is a variable product called a Lucia Cross-Fit Bra ;"Being cool is a big part of being comfy, which is why the Lucia Cross-Fit Bra features moisture-wicking technology as well as soft, lightweight fabric.
 Black/white bra top.  Criss-cross back design.  Machine wash/dry.";1;39;Clothing>Women>Tops>Bras & Tanks
1639;WT01;Bella Tank;1;This is a variable product called a Bella Tank;"Style, performance and comfort mix it up in the Bella Tank. With striking color block contrast, fitted form and a built-in bra, you'll be supported and stylish at the same time.
 Navy blue tank top - cotton. Feminine scoop neckline. Power mesh lining in shelf bra for superior support. Soft, breathable fabric. Dry wick fabric to stay cool and dry.";1;29;Clothing>Women>Tops>Bras & Tanks>Collections>Eco Friendly
1655;WT02;Zoe Tank;1;This is a variable product called a Zoe Tank;"The Zoe Tank leads with eye-catching fitness-pop looks, keeping your studio style uptrend. The inner shelf bra and soft, breathable fabric create a tank top that looks, feels and fits great.
 Salmon heather tank top. 1"" elastic band on inner bra. Mesh lining on shelf bra for support. Soft, breathable fabric. Dry wick fabric to stay cool and dry.";1;29;Clothing>Women>Tops>Bras & Tanks
1671;WT03;Nora Practice Tank;1;This is a variable product called a Nora Practice Tank;"A closet go-to, the Nora Practice Tank can be worn at or after workouts or beneath a baggy tee for a laid-back style. Perfect fit and very comfortable!
 Pink stripped tank with side rouching. Pre-shrunk. Garment dyed. 92% Organic Cotton/8% Lycra.";1;39;Clothing>Women>Tops>Bras & Tanks>Collections>New Luma Yoga Collection>Collections>Erin Recommends
1687;WT04;Nona Fitness Tank;1;This is a variable product called a Nona Fitness Tank;"It doesn't matter if your goal is 5 miles or an hour of Vinyasa, because our Nona Fitness Tank does it all. You don't have to sacrifice either -- this v-neck top features smooth, chafe-free seams and a breathable mesh back insert. Cute, too.
 Blue/white striped mesh tank. Relaxed fit.  Chafe-resistant trim around armholes and collar.  Machine wash/dry.";1;39;Clothing>Women>Tops>Bras & Tanks>Collections>Performance Fabrics
1703;WT05;Leah Yoga Top;1;This is a variable product called a Leah Yoga Top;"The Leah Yoga Top offers a practical, comfortable upper that will not compromise your style. Body hugging fit and interior shelf bra make it suitable for active or leisure pursuits.
 Blue heather rouched tank top. Camisole tank top. Banding and shirring details. Body hugging fit. Contrast topstitch. Interior shelf bra with shapewear technology. 65% Polyester 35% Cotton.";1;39;Clothing>Women>Tops>Bras & Tanks>Collections>Erin Recommends
1719;WT06;Chloe Compete Tank;1;This is a variable product called a Chloe Compete Tank;"You've earned your figure, so stay cool and let it do all the talking in the form-fitted, sleek racerback Chloe Compete Tank. Designed for total range of motion and performance, the Nona is made with highly breathable mesh fabric.
 Royal blue tank top - nylon/spandex. Flatlock stitching. Moisture-wicking fabric.  Ergonomic seaming.  Machine wash/dry.";1;39;Clothing>Women>Tops>Bras & Tanks
1735;WT07;Maya Tunic;1;This is a variable product called a Maya Tunic;"With abutted seams and moisture wicking capacity, the Maya Tunic lets you work out in complete comfort.
 Mint green heather tunic-style tank.  Wrapped back with cut out detail. Drawcord detail at end. Abutted seams.";1;29;Clothing>Women>Tops>Bras & Tanks>Collections>Performance Fabrics
1751;WT08;Antonia Racer Tank;1;This is a variable product called a Antonia Racer Tank;"You won't know what you like best about the Antonia Racer Tank: soft, stretchy, lightweight fabric? Super-cute colorblocked details? Whatever it is, this piece is sure to quickly move to the top of your workout rotation.
 Machine wash. Line dry.";1;34;Clothing>Women>Tops>Bras & Tanks>Promotions>Women Sale>Collections>Performance Fabrics
1767;WT09;Breathe-Easy Tank;1;This is a variable product called a Breathe-Easy Tank;"The Breathe Easy Tank is so soft, lightweight, and comfortable, you won't even know it's there -- until its high-tech Cocona fabric starts wicking sweat away from your body to help you stay dry and focused. Layer it over your favorite sports bra and get moving.
 Machine wash/dry. Cocona fabric.";1;34;Clothing>Women>Tops>Bras & Tanks>Promotions>Women Sale>Collections>Erin Recommends
1774;WP01;Karmen Yoga Pant;1;This is a variable product called a Karmen Yoga Pant;"Good for running, hiking, lounging or stretching, the Cora Parachute Pant presents comfortable styling designed to help you look and feel great.
 Light blue parachute pants. Power mesh internal waistband for support. Internal waistband pocket. Antimicrobial finish.";1;39;Clothing>Women>Bottoms>Pants>Promotions>Pants>Collections>Performance Fabrics
1781;WP02;Emma Leggings;1;This is a variable product called a Emma Leggings;"These comfortable and practical leggings pair perfectly with any workout top or casual tee. The Emma's subtle contrast fabric and fit ensure you're stylish without overdoing it.
 Light blue heather yoga pants.  Body hugging fit. Low rise fit.";1;42;Clothing>Women>Bottoms>Pants>Promotions>Pants>Collections>Performance Fabrics
1788;WP03;Ida Workout Parachute Pant;1;This is a variable product called a Ida Workout Parachute Pant;"The Ida Workout Parachute Pant is made of lightweight, super-soft fabric that keeps you comfortable during any level of activity, whether Downward Dog or a few trail miles.
 Royal blue parachute pants. Contrast stripe. Relaxed fit.  Drawstring closure. Machine wash/dry.";1;48;Clothing>Women>Bottoms>Pants>Promotions>Pants>Collections>New Luma Yoga Collection
1795;WP04;Cora Parachute Pant;1;This is a variable product called a Cora Parachute Pant;"Good for running, hiking, lounging or stretching, the Cora Parachute Pant presents comfortable styling designed to help you look and feel great.
 Light blue parachute pants. Power mesh internal waistband for support. Internal waistband pocket. Antimicrobial finish.";1;75;Clothing>Women>Bottoms>Pants>Promotions>Pants
1802;WP05;Sahara Leggings;1;This is a variable product called a Sahara Leggings;"Contrast colors, full-length leggings, and opaque, high-stretch fabric define the Sahara. Flat-locked seams and quick-drying wicking properties prevent chafing. A deep elasticated waistband and carefully positioned seamlines create a flattering silhouette.
 Pinstripe legging with rouched ankles. Secret pocket at waistband. Flat seams for comfort. Shaped fit with low rise. 4-way stretch, moisture-wicking material.";1;75;Clothing>Women>Bottoms>Pants>Promotions>Pants>Collections>Erin Recommends
1809;WP06;Diana Tights;1;This is a variable product called a Diana Tights;"Perfect for hot bikram session or cool-down stretching. 8-percent stretch means you'll feel like anything is possible in the capri-style Diana Tights.
 Black legging with slate details. Flat-lock, chafe-free side seams. Vented gusset. Secret interior pocket. Sustainable and recycled fabric.";1;59;Clothing>Women>Bottoms>Pants>Promotions>Pants>Collections>Erin Recommends
1816;WP07;Aeon Capri;1;This is a variable product called a Aeon Capri;"Reach for the stars and beyond in these Aeon Capri pant. With a soft, comfortable feel and moisture wicking fabric, these duo-tone leggings are easy to wear -- and wear attractively.
 Black capris with teal accents. Thick, 3"" flattering waistband. Media pocket on inner waistband. Dry wick finish for ultimate comfort and dryness.";1;48;Clothing>Women>Bottoms>Pants>Promotions>Pants>Collections>Performance Fabrics
1823;WP08;Bardot Capri;1;This is a variable product called a Bardot Capri;"Black is back  was it ever gone?  which means all your favorite tops will get along with the comfortable and versatile Bardot Capri.
 Black capris with pink waistband. Cropped leggings. Waistband drawcord.  Flat, thin and flattering. Made with organic fabric.";1;48;Clothing>Women>Bottoms>Pants>Promotions>Pants
1830;WP09;Carina Basic Capri;1;This is a variable product called a Carina Basic Capri;"Perfect as workout pants or ""accessory,"" the Carina Basic Capri is comfy as it is practical -- try it under skirts or shorts.
 Black capris with rouching detail. 93% cotton, 7% spandex. Elasticized waistband. Reinforced seams with exposed topstitching. Soft, medium-weight jersey with added stretch.";1;51;Clothing>Women>Bottoms>Pants>Promotions>Pants
1837;WP10;Daria Bikram Pant;1;This is a variable product called a Daria Bikram Pant;"The Daria Bikram Pant is designed to stretch and move with your body to make extreme yoga extremely comfortable.
 Heather gray capris with pink striped waist. Flatlock seams. Interior pocket.";1;51;Clothing>Women>Bottoms>Pants>Promotions>Pants>Collections>Eco Friendly
1844;WP11;Sylvia Capri;1;This is a variable product called a Sylvia Capri;"Enjoy a sleek, slendering look in new Silvia Capri. Its engineer-designed support fabric feels great and gives the illusion of a slimmer fit.
 Green striped capri. Strategic side seam Comfort gusset with lining. Flat seaming. Wide waistband. Moisture wicking.";1;42;Clothing>Women>Bottoms>Pants>Promotions>Pants
1851;WP12;Deirdre Relaxed-Fit Capri;1;This is a variable product called a Deirdre Relaxed-Fit Capri;"Invigorate your yoga practice with this Deirdre Relaxed-Fit Capri, designed to let you move without strain or restriction.
 Heather gray capris with mint green waist  accents. Comfortable, relaxed fit with high rise. Moisture-wicking, 4-way stretch construction. Lined with mesh for better support. Hidden pocket at waistband. Flatlock seams and lined gusset for comfort.";1;63;Clothing>Women>Bottoms>Pants>Promotions>Pants>Collections>Performance Fabrics
1858;WP13;Portia Capri;1;This is a variable product called a Portia Capri;"From yoga at dawn to evenings curled up with a book, our Portia Capri gives you the comfort and freedom to cruise through the day. The high-waisted design keeps you covered while you're bending and stretching, while contrast stripes promise a dash of sporty style.
 Salmon heather capri sweats. Relaxed fit, high waist.  Inseam: 21"".  Wide elastic waistband.  Machine wash/dry.";1;49;Clothing>Women>Bottoms>Pants>Promotions>Pants>Collections>Erin Recommends
1874;WSH01;Fiona Fitness Short;1;This is a variable product called a Fiona Fitness Short;"Don't let the plain style fool you: the Fiona Fitness Short demands notice on several levels. Comfort, of course. But also a performance-grade wicking fabric that takes everything you can give.
 Black run shorts - cotton/spandex. 5 inseam. Machine wash/Line dry.";1;29;Clothing>Women>Bottoms>Shorts>Collections>New Luma Yoga Collection>Collections>Eco Friendly
1890;WSH02;Maxima Drawstring Short;1;This is a variable product called a Maxima Drawstring Short;"Even laid-back women like to stay stylish, and that's just what the Maxima Drawstring Short delivers. An elastic waist keeps the fit flexible, on the deck at home or on a trail walk. Sporty tennis flair adds an athletic accent.
 Light gray run shorts - cotton polyester.  Contrast binding.  3"" inseam.  Machine wash/dry.";1;28;Clothing>Women>Bottoms>Shorts>Promotions>Women Sale
1906;WSH03;Gwen Drawstring Bike Short;1;This is a variable product called a Gwen Drawstring Bike Short;"For a completely modern style with moisture-wicking CoolTech technology, try the Gwen Drawstring Bike Short. Subtle grays and eye catching stitching combine with an adjustable waist for the perfect look and fit.
 Dark heather gray rouched bike shorts. Fitted. Inseam: 2"".  Machine wash/dry.";1;50;Clothing>Women>Bottoms>Shorts>Collections>New Luma Yoga Collection>Collections>Performance Fabrics
1922;WSH04;Artemis Running Short;1;This is a variable product called a Artemis Running Short;"Discover smooth jogging and chic comfort each time you slip into the Artemis Running Short. A unique maritime-inspired design and oolor theme features a stretchy drawstring waist.
 Black rouched shorts with mint waist.  Soft, lightweight construction. LumaTech wicking technology. Semi-fitted.";1;45;Clothing>Women>Bottoms>Shorts
1938;WSH05;Bess Yoga Short;1;This is a variable product called a Bess Yoga Short;"Designed for intense physical activity  think bikram  our Bess Yoga Short features moisture-wicking, four-way stretch fabric that lets you move in every which way. A vented gusset adds breathability and range of motion.
 Navy cotton shorts with light bue waist detail. Front shirred waistband. Flat-lock, chafe-free side seams. Vented gusset. Hidden interior pocket. Sustainable and recycled fabric.";1;28;Clothing>Women>Bottoms>Shorts>Promotions>Women Sale
1945;WSH06;Angel Light Running Short;1;This is a variable product called a Angel Light Running Short;"The Angel Light Running Short offers comfort in an ultra-lightweight, breathable package. With fabric infused with all-natural Cocona performance technology, it can whisk away sweat and block UV rays.
 Dark heather gray running shorts. Snug fit.  Elastic waistband.  Cocona performance fabric.  Machine wash/dry.";1;42;Clothing>Women>Bottoms>Shorts
1952;WSH07;Echo Fit Compression Short;1;This is a variable product called a Echo Fit Compression Short;"Your muscles know it's go time the second you pull on the Echo Fit Compression Short. A balance of firm, stimulating squeeze with breathability, it offers the support and comfort you need to give it your all.
 Black compression shorts. High-waisted cut. Compression fit. Inseam: 1.0"".  Machine wash/dry.";1;24;Clothing>Women>Bottoms>Shorts>Collections>New Luma Yoga Collection
1958;WSH08;Sybil Running Short;1;This is a variable product called a Sybil Running Short;"Fortunately, it's okay to look cute while you're working out. The Sybil Running Short combines a fun, color-blocked design with breathable mesh fabric for sporty-fun style.
 Blue running shorts with green waist. Drawstring-adjustable waist. 4"" inseam. Machine wash/line dry.";1;44;Clothing>Women>Bottoms>Shorts>Collections>Performance Fabrics
1965;WSH09;Mimi All-Purpose Short;1;This is a variable product called a Mimi All-Purpose Short;"You can run, bike or swim in the do-anything, water-resistance Mimi Short. No need to worry about rubbing-induced soreness either, with flatlock seams and soft, chafe-resistant material.
 Gray/seafoam two-layer shorts. Water-resistant construction. Inner mesh brief for breathable support. 2.0"" inseam. Reflective trim for visibility.";1;44;Clothing>Women>Bottoms>Shorts
1972;WSH10;Ana Running Short;1;This is a variable product called a Ana Running Short;"Time to lace up your kicks and beat that personal best in the Ana Running Short. It's designed with breathable mesh side panels to help keep you cool while you master the miles.
 Black/pink two-layer shorts. Low-rise elastic waistband. Relaxed fit.  Ultra-lightweight fabric.  Internal drawstring.  Machine wash/dry.";1;40;Clothing>Women>Bottoms>Shorts>Collections>Eco Friendly
1979;WSH11;Ina Compression Short;1;This is a variable product called a Ina Compression Short;"One of Luma's most popular items, the Ina Compression Short has you covered with exceptional support and comfort, whether you're running the trail, riding a bike or ripping out reps. The ventilating fabric offers cool relief and prevents irritating chafing.
 Royal blue bike shorts. Compression fit.  Moisture-wicking.  Anti-microbial.  Machine wash/dry.";1;49;Clothing>Women>Bottoms>Shorts>Collections>Erin Recommends
2000;WSH12;Erika Running Short;1;This is a variable product called Erika Running Shorts;"A great short with a body-hugging design, the Erika Running Short is perfect for runners who prefer a fitted short rather than the traditional baggy variety.
 Seafoam pattern running shorts. Elastic waistband. Snug fit. 4'' inseam. 76% premium brushed Nylon / 24% Spandex.";1;49;Clothing>Women>Bottoms>Shorts>Collections>Erin Recommends
2001;24-MG04;Aim Analog Watch;1;This is a simple product called Aim Analog Watch;"Stay light-years ahead of the competition with our Aim Analog Watch. The flexible, rubberized strap is contoured to conform to the shape of your wrist for a comfortable all-day fit. The face features three illuminated hands, a digital read-out of the current time, and stopwatch functions.

Japanese quartz movement.
Strap fits 7"" to 8.0"".
";1;45;Gear>Watches
2002;24-MG01;Endurance Watch;1;This is a simple product called Endurance Watch;"It's easy to track and monitor your training progress with the Endurance Watch. You'll see standard info like time, date and day of the week, but it also functions for the serious high-mileage athete: lap counter, stopwatch, distance, heart rate, speed/pace, cadence and altitude.

Digital display.
LED backlight.
Strap fits 7"" to 10"".
1-year limited warranty.
Comes with polished metal case.
";1;49;Gear>Watches
2003;24-MG03;Summit Watch;1;This is a simple product called Summit Watch;"Trek high and low in the attractive Summit Watch, which features a digital LED display with time and date, stopwatch, lap counter, and 3-second backlight. It can also calculate the number of steps taken and calories burned.

Brushed metal case.
Water resistant (100 meters).
Buckle clasp.
Strap fits 7"" - 10"".
1-year limited warranty.
";1;54;Gear>Watches>New Luma Yoga Collection
2004;24-MG05;Cruise Dual Analog Watch;1;This is a simple product called Cruise Dual Analog Watch;"Whether you're traveling or wish you were, you'll never let time zones perplex you again with the Cruise Dual Analog Watch. The thick, adjustable band promises a comfortable, personalized fit to this classy, modern time piece.

Two dials.
Stainless steel case.
Adjustable leather band.
";1;55;Gear>Watches>New Luma Yoga Collection
2005;24-MG02;Dash Digital Watch;1;This is a simple product called Dash Digital Watch;"The Dash Digital Watch will challenge you to push harder and longer. Log workouts by date, average, and segment times, and recharge by setting hydration and nutrition alarms. This watch is styled with a sleek, square face and durable rubber strap for a long life.

Digital display.
LED backlight.
Rubber strap with buckle clasp.
1-year limited warranty.";1;92;Gear>Watches>New Luma Yoga Collection
2006;24-WG09;Luma Analog Watch;1;This is a simple product called Luma Analog Watch;"Designed to stand up to your active lifestyle, this women's Luma Analog Watch features a tasteful brushed chrome finish and a stainless steel, water-resistant construction for lasting durability.

Precision Miyota three-hand movement.
";1;43;Gear>Watches
2007;24-WG01;Bolo Sport Watch;1;This is a simple product called Bolo Sport Watch;"The Bolo Sport Watch is sleek, sporty and sized just right to fit your smaller wrist. Easy to read and set up, it features a large digital face and button-activated alarm and stopwatch. The soft-touch resin band promises no-pinch comfort, while the water-resistant design lets you take your workout to the lap pool.

Displays time, day and date.
Two-tone design.
12/24 hour formats.
Nickel-free buckle on band.
Battery included.
";1;49;Gear>Watches
2008;24-WG03;Clamber Watch;1;This is a simple product called Clamber Watch;"Keep track of time on the treadmill or trail with our Clamber Watch. The flexible, rubberized strap is contoured to conform to your wrist for a comfortable fit all day. The face features an illuminated digital read-out of the current time and stopwatch functions.

Japanese quartz movement.
Strap fits 5"" to 6.0"".
";1;54;Gear>Watches
2009;24-WG02;Didi Sport Watch;1;This is a simple product called Didi Sport Watch;"The Didi Sport Watch helps you keep your workout plan down to the second. The vertical, digital face looks sleek and futuristic. This watch is programmed with tons of helpful features such as a timer, an alarm clock, a pedometer, and more to help make your excercise more productive.

Digital display.
LED backlight.
Rubber strap with buckle clasp.
1-year limited warranty.
";1;92;Gear>Watches>New Luma Yoga Collection
2010;24-WG085;Sprite Yoga Strap 6 foot;1;This is a simple product called Sprite Yoga Strap 6 foot;"The Sprite Yoga Strap is your untiring partner in demanding stretches, holds and alignment routines. The strap's 100% organic cotton fabric is woven tightly to form a soft, textured yet non-slip surface. The plastic clasp buckle is easily adjustable, lightweight and durable under strain.

100% soft and durable cotton.
Plastic cinch buckle is easy to use.
Three natural colors made from phthalate and heavy metal free dyes.
";1;14;Gear>Fitness Equipment
2011;24-WG086;Sprite Yoga Strap 8 foot;1;This is a simple product called Sprite Yoga Strap 8 foot;"The Sprite Yoga Strap is your untiring partner in demanding stretches, holds and alignment routines. The strap's 100% organic cotton fabric is woven tightly to form a soft, textured yet non-slip surface. The plastic clasp buckle is easily adjustable, lightweight and durable under strain.

8' long x 1.0"" wide.
100% soft and durable cotton.
Plastic cinch buckle is easy to use.
Three natural colors made from phthalate and heavy metal free dyes.
";1;17;Gear>Fitness Equipment
2012;24-WG087;Sprite Yoga Strap 10 foot;1;This is a simple product called Sprite Yoga Strap 10 foot;"The Sprite Yoga Strap is your untiring partner in demanding stretches, holds and alignment routines. The strap's 100% organic cotton fabric is woven tightly to form a soft, textured yet non-slip surface. The plastic clasp buckle is easily adjustable, lightweight and durable under strain.

10' long x 1.0"" wide.
100% soft and durable cotton.
Plastic cinch buckle is easy to use.
Three natural colors made from phthalate and heavy metal free dyes.
";1;21;Gear>Fitness Equipment
2013;24-WG081-gray;Sprite Stasis Ball 55 cm;1;This is a simple product called Sprite Stasis Ball 55 cm;"The Sprite Stasis Ball gives you the toned abs, sides, and back you want by amping up your core workout. With bright colors and a burst-resistant design, it's a must-have for every hard-core exercise addict. Use for abdominal conditioning, balance training, yoga, or even physical therapy.

Durable, burst-resistant design.
Hand pump included.
";1;23;Gear>Fitness Equipment
2014;24-WG081-pink;Sprite Stasis Ball 55 cm;1;This is a simple product called Sprite Stasis Ball 55 cm;"The Sprite Stasis Ball gives you the toned abs, sides, and back you want by amping up your core workout. With bright colors and a burst-resistant design, it's a must-have for every hard-core exercise addict. Use for abdominal conditioning, balance training, yoga, or even physical therapy.

Durable, burst-resistant design.
Hand pump included.
";1;23;Gear>Fitness Equipment
2015;24-WG081-blue;Sprite Stasis Ball 55 cm;1;This is a simple product called Sprite Stasis Ball 55 cm;"The Sprite Stasis Ball gives you the toned abs, sides, and back you want by amping up your core workout. With bright colors and a burst-resistant design, it's a must-have for every hard-core exercise addict. Use for abdominal conditioning, balance training, yoga, or even physical therapy.

Durable, burst-resistant design.
Hand pump included.
";1;23;Gear>Fitness Equipment
2016;24-WG082-gray;Sprite Stasis Ball 65 cm;1;This is a simple product called Sprite Stasis Ball 65 cm;"The Sprite Stasis Ball gives you the toned abs, sides, and back you want by amping up your core workout. With bright colors and a burst-resistant design, it's a must-have for every hard-core exercise addict. Use for abdominal conditioning, balance training, yoga, or even physical therapy.

65 cm plastic shell.
Durable, burst-resistant design.
Hand pump included.
";1;27;Gear>Fitness Equipment
2017;24-WG082-pink;Sprite Stasis Ball 65 cm;1;This is a simple product called Sprite Stasis Ball 65 cm;"The Sprite Stasis Ball gives you the toned abs, sides, and back you want by amping up your core workout. With bright colors and a burst-resistant design, it's a must-have for every hard-core exercise addict. Use for abdominal conditioning, balance training, yoga, or even physical therapy.

65 cm plastic shell.
Durable, burst-resistant design.
Hand pump included.
";1;27;Gear>Fitness Equipment
2018;24-WG082-blue;Sprite Stasis Ball 65 cm;1;This is a simple product called Sprite Stasis Ball 65 cm;"The Sprite Stasis Ball gives you the toned abs, sides, and back you want by amping up your core workout. With bright colors and a burst-resistant design, it's a must-have for every hard-core exercise addict. Use for abdominal conditioning, balance training, yoga, or even physical therapy.

65 cm plastic shell.
Durable, burst-resistant design.
Hand pump included.
";1;27;Gear>Fitness Equipment
2019;24-WG083-gray;Sprite Stasis Ball 75 cm;1;This is a simple product called Sprite Stasis Ball 75 cm;"The Sprite Stasis Ball gives you the toned abs, sides, and back you want by amping up your core workout. With bright colors and a burst-resistant design, it's a must-have for every hard-core exercise addict. Use for abdominal conditioning, balance training, yoga, or even physical therapy.

75 cm plastic shell.
Durable, burst-resistant design.
Hand pump included.
";1;32;Gear>Fitness Equipment
2020;24-WG083-pink;Sprite Stasis Ball 75 cm;1;This is a simple product called Sprite Stasis Ball 75 cm;"The Sprite Stasis Ball gives you the toned abs, sides, and back you want by amping up your core workout. With bright colors and a burst-resistant design, it's a must-have for every hard-core exercise addict. Use for abdominal conditioning, balance training, yoga, or even physical therapy.

75 cm plastic shell.
Durable, burst-resistant design.
Hand pump included.
";1;32;Gear>Fitness Equipment
2021;24-WG083-blue;Sprite Stasis Ball 75 cm;1;This is a simple product called Sprite Stasis Ball 75 cm;"The Sprite Stasis Ball gives you the toned abs, sides, and back you want by amping up your core workout. With bright colors and a burst-resistant design, it's a must-have for every hard-core exercise addict. Use for abdominal conditioning, balance training, yoga, or even physical therapy.

75 cm plastic shell.
Durable, burst-resistant design.
Hand pump included.
";1;32;Gear>Fitness Equipment
2022;24-UG06;Affirm Water Bottle ;1;This is a simple product called Affirm Water Bottle ;"You'll stay hydrated with ease with the Affirm Water Bottle by your side or in hand. Measurements on the outside help you keep track of how much you're drinking, while the screw-top lid prevents spills. A metal carabiner clip allows you to attach it to the outside of a backpack or bag for easy access.

Made of plastic.
Grooved sides for an easy grip.
";1;7;Gear>Fitness Equipment
2023;24-UG07;Dual Handle Cardio Ball;1;This is a simple product called Dual Handle Cardio Ball;"Make the most of your limited workout window with our Dual-Handle Cardio Ball. The 15-lb ball maximizes the effort-impact to your abdominal, upper arm and lower-body muscles. It features a handle on each side for a firm, secure grip.

Durable plastic shell with sand fill.
Two handles.
15 lbs.
";1;12;Gear>Fitness Equipment>Erin Recommends
2024;24-UG04;Zing Jump Rope;1;This is a simple product called Zing Jump Rope;"One of the world's simplest and most portable exercise devices, a jump rope enables endless variations and fitness output. The Zing Jump Rope goes anywhere and can be used any time. It is adjustable in length and has contoured foam handles for a great grip.

 Contoured foam handles.
 Adjustable length.
";1;12;Gear>Fitness Equipment
2025;24-UG02;Pursuit Lumaflex Tone Band;1;This is a simple product called Pursuit Lumaflex Tone Band;"Save your knees and joints while strengthening arms, legs and core with the Pursuit Lumaflex Tone Band. This ultra-durable training tool lets you complete a full-body workout free of bulky machines or free weights.

Home and/or gym use.
Ergonomic handles.
";1;16;Gear>Fitness Equipment
2026;24-UG05;Go-Get'r Pushup Grips;1;This is a simple product called Go-Get'r Pushup Grips;"The Go-Get'r Pushup Grips safely provide the extra range of motion you need for a deep-dip routine targeting core, shoulder, chest and arm strength. Do fewer pushups using more energy, getting better results faster than the standard floor-level technique yield.

Durable foam grips.
Supportive base.
";1;19;Gear>Fitness Equipment>New Luma Yoga Collection
2027;24-UG01;Quest Lumaflex Band;1;This is a simple product called Quest Lumaflex Band;"From leg extensions and standing squats to a full range of floor routines, the Quest Strength Band brings your own personal gym with you everywhere you go. Designed to add extra resistance to any training session, this strength band helps you tone and define your muscles. You'll love the extra comfort of its grippy handles and adjustable design.

Adjusts from 30"" to 55"".
Grippy comfort handles.
Stretchy rubber construction.
";1;19;Gear>Fitness Equipment
2028;24-WG084;Sprite Foam Yoga Brick;1;This is a simple product called Sprite Foam Yoga Brick;"Our top-selling yoga prop, the 4-inch, high-quality Sprite Foam Yoga Brick is popular among yoga novices and studio professionals alike. An essential yoga accessory, the yoga brick is a critical tool for finding balance and alignment in many common yoga poses. Choose from 5 color options.

Standard Large Size: 4"" x 6"" x 9"".
Beveled edges for ideal contour grip.
Durable and soft, scratch-proof foam.
Individually wrapped.
Ten color choices.
 ";1;5;Gear>Fitness Equipment
2029;24-WG088;Sprite Foam Roller;1;This is a simple product called Sprite Foam Roller;"It hurts so good to use the Sprite Foam Roller on achy, tired muscles for myofascial massage therapy. Or you can add this fundamental piece to your Pilates and yoga accouterment, or apply towards core stability, strengthening and balance exercise. 

6'' wide by 12'' long.
Safe for myofascial release.
EPP or PE foam options.
Solid, dense, closed-cell foam.
";1;19;Gear>Fitness Equipment
2030;24-UG03;Harmony Lumaflex Strength Band Kit ;1;This is a simple product called Harmony Lumaflex Strength Band Kit ;"Forget fancy machines and costly memberships - the Harmony Lumaflex Stength Band Kit is all you need for an amazing workout. The kit has everything you need for a range of strengthening and toning exercises.

Three flex bands.
Textured, ergonomic grips.
Adjustable lengths.
Mesh carry bag included.
";1;22;Gear>Fitness Equipment
2031;24-MB01;Joust Duffle Bag;1;This is a simple product called Joust Duffle Bag;"The sporty Joust Duffle Bag can't be beat - not in the gym, not on the luggage carousel, not anywhere. Big enough to haul a basketball or soccer ball and some sneakers with plenty of room to spare, it's ideal for athletes with places to go.

Dual top handles.
Adjustable shoulder strap.
Full-length zipper.
L 29"" x W 13"" x H 11"".
";1;34;Gear>Bags
2032;24-MB04;Strive Shoulder Pack;1;This is a simple product called Strive Shoulder Pack;"Convenience is next to nothing when your day is crammed with action. So whether you're heading to class, gym, or the unbeaten path, make sure you've got your Strive Shoulder Pack stuffed with all your essentials, and extras as well.

Zippered main compartment.
Front zippered pocket.
Side mesh pocket.
Cell phone pocket on strap.
Adjustable shoulder strap and top carry handle.
";1;32;Gear>Bags>Erin Recommends
2033;24-MB03;Crown Summit Backpack;1;This is a simple product called Crown Summit Backpack;"The Crown Summit Backpack is equally at home in a gym locker, study cube or a pup tent, so be sure yours is packed with books, a bag lunch, water bottles, yoga block, laptop, or whatever else you want in hand. Rugged enough for day hikes and camping trips, it has two large zippered compartments and padded, adjustable shoulder straps.

Top handle.
Grommet holes.
Two-way zippers.
H 20"" x W 14"" x D 12"".
Weight: 2 lbs, 8 oz. Volume: 29 L.
";1;38;Gear>Bags
2034;24-MB05;Wayfarer Messenger Bag;1;This is a simple product called Wayfarer Messenger Bag;"Perfect for class, work or the gym, the Wayfarer Messenger Bag is packed with pockets. The dual-buckle flap closure reveals an organizational panel, and the roomy main compartment has spaces for your laptop and a change of clothes. An adjustable shoulder strap and easy-grip handle promise easy carrying.

Multiple internal zip pockets.
Made of durable nylon.
";1;45;Gear>Bags>New Luma Yoga Collection
2035;24-MB06;Rival Field Messenger;1;This is a simple product called Rival Field Messenger;"The Rival Field Messenger packs all your campus, studio or trail essentials inside a unique design of soft, textured leather - with loads of character to spare. Two exterior pockets keep all your smaller items handy, and the roomy interior offers even more space.

Leather construction.
Adjustable fabric carry strap.
Dimensions: 18"" x 10"" x 4"".
";1;45;Gear>Bags>New Luma Yoga Collection
2036;24-MB02;Fusion Backpack;1;This is a simple product called Fusion Backpack;"With the Fusion Backpack strapped on, every trek is an adventure - even a bus ride to work. That's partly because two large zippered compartments store everything you need, while a front zippered pocket and side mesh pouches are perfect for stashing those little extras, in case you change your mind and take the day off.

Durable nylon construction.
2 main zippered compartments.
1 exterior zippered pocket.
Mesh side pouches.
Padded, adjustable straps.
Top carry handle.
Dimensions: 18"" x 10"" x 6"".
";1;59;Gear>Bags
2037;24-UB02;Impulse Duffle;1;This is a simple product called Impulse Duffle;"Good for beach trips, track meets, yoga retreats and more, the Impulse Duffle is the companion you'll want at your side. A large U-shaped opening makes packing a hassle-free affair, while a zippered interior pocket keeps jewelry and other small valuables safely tucked out of sight.

Wheeled.
Dual carry handles.
Retractable top handle.
W 14"" x H 26"" x D 11"".
";1;74;Gear>Bags
2038;24-WB01;Voyage Yoga Bag;1;This is a simple product called Voyage Yoga Bag;"Everything you need for a trip to the gym will fit inside this surprisingly spacious Voyage Yoga Bag. Stock it with a water bottle, change of clothes, pair of shoes, and even a few beauty products. Fits inside a locker and zips shut for security.

Slip pocket on front.
Contrast piping.
Durable nylon construction.
";1;32;Gear>Bags
2039;24-WB02;Compete Track Tote;1;This is a simple product called Compete Track Tote;"The Compete Track Tote holds a host of exercise supplies with ease. Stash your towel, jacket and street shoes inside. Tuck water bottles in easy-access external spaces. Perfect for trips to gym or yoga studio, with dual top handles for convenience to and from.

Two-way zippers.
Contrast detailing.
W 22.0"" x H 17"" x D 10"".
";1;32;Gear>Bags
2040;24-WB05;Savvy Shoulder Tote;1;This is a simple product called Savvy Shoulder Tote;"Powerwalking to the gym or strolling to the local coffeehouse, the Savvy Shoulder Tote lets you stash your essentials in sporty style! A top-loading compartment provides quick and easy access to larger items, while zippered pockets on the front and side hold cash, credit cards and phone.

Water-resistant shell.
Water bottle pocket.
Padded, articulating shoulder strap.
Dimensions: W 21"" x H 15"" x D 10"".
";1;32;Gear>Bags>Erin Recommends
2041;24-WB06;Endeavor Daytrip Backpack;1;This is a simple product called Endeavor Daytrip Backpack;"With more room than it appears, the Endeavor Daytrip Backpack will hold a whole day's worth of books, binders and gym clothes. The spacious main compartment includes a dedicated laptop sleeve. Two other compartments offer extra storage space.

Foam-padded adjustable shoulder straps.
900D polyester.
Oversized zippers.
Locker loop.
";1;33;Gear>Bags>Erin Recommends
2042;24-WB03;Driven Backpack;1;This is a simple product called Driven Backpack;"School books, camp gear and yoga clothes get along just fine in the all-purpose Driven Backpack. Crafted with tough polyester ripstop fabric, it's outfitted with rubberized end panels and padded, adjustable shoulder straps. The roomy main compartment features molded foam pockets that host everything you need.

Large main and small zip compartments.
Adjustable, padded straps.
Interior foam pockets.
Exterior zip compartment.
Left sport bottle pocket.
Survival gear sold separately.
";1;36;Gear>Bags
2043;24-WB07;Overnight Duffle;1;This is a simple product called Overnight Duffle;"For long weekends away, camping outings and business trips, the Overnight Duffle can't be beat. The dual handles make it a cinch to carry, while the durable waterproof exterior helps you worry less about the weather. With multiple organizational pockets inside and out, it's the perfect travel companion.

Dual top handles.
W 15"" x H 15"" x D 9"".
";1;45;Gear>Bags>New Luma Yoga Collection
2044;24-WB04;Push It Messenger Bag;1;This is a simple product called Push It Messenger Bag;"The name says so, but the Push It Messenger Bag is much more than a busy commuter's tote. It's a closet away from home when you're pedaling from class or work to gym and back or home again. It's the perfect size and shape for laptop, folded clothes, even extra shoes.

Adjustable crossbody strap.
Top handle.
Zippered interior pocket.
Secure clip closures.
Durable fabric construction.
";1;45;Gear>Bags>Performance Fabrics
